{
  "train_loss": [
    7.2258524894714355,
    5.797389507293701,
    5.181607246398926,
    4.652659893035889,
    4.28847074508667,
    4.303460121154785,
    3.7948522567749023,
    3.6488723754882812,
    3.8844497203826904,
    3.7151200771331787,
    3.4795124530792236,
    3.3953161239624023,
    3.3258309364318848,
    3.3002870082855225,
    3.3036575317382812,
    3.1835877895355225,
    3.3048579692840576,
    3.176422119140625,
    3.035700559616089,
    3.1779518127441406,
    2.933314800262451,
    3.1005325317382812,
    3.229698419570923,
    3.2040300369262695,
    3.0346007347106934,
    3.2828829288482666,
    2.9384992122650146,
    2.9587361812591553,
    2.719724416732788,
    2.7522194385528564,
    3.021073579788208,
    2.601053476333618,
    2.8134407997131348,
    2.7309353351593018,
    3.073930263519287,
    3.0404887199401855,
    2.8575186729431152,
    2.8084614276885986,
    2.688371181488037,
    2.9585304260253906,
    2.6396100521087646,
    2.3392014503479004,
    2.533799409866333,
    2.70741868019104,
    2.799039363861084,
    2.5027554035186768,
    2.8992552757263184,
    2.5390143394470215,
    2.550248861312866,
    2.7535159587860107,
    2.47678804397583,
    2.6545796394348145,
    2.74444580078125,
    2.30911922454834,
    2.629201889038086,
    2.6685900688171387,
    2.6365222930908203,
    2.6992838382720947,
    2.4177427291870117,
    2.6313962936401367,
    2.265183210372925,
    2.1414411067962646,
    2.2904276847839355,
    2.1970646381378174,
    2.5437564849853516,
    2.378026247024536,
    2.312446117401123,
    2.115969657897949,
    2.4009850025177,
    2.4489846229553223,
    2.358370065689087,
    2.0526154041290283,
    2.1351120471954346,
    2.2323429584503174,
    2.472940683364868,
    2.309159994125366,
    2.1397721767425537,
    2.147141218185425,
    2.2606418132781982,
    2.0158963203430176,
    1.8791621923446655,
    2.154066562652588,
    2.2506752014160156,
    1.7293672561645508,
    2.2080767154693604,
    2.080702543258667,
    1.937111258506775,
    2.016846179962158,
    1.9858344793319702,
    1.8716243505477905,
    2.150607109069824,
    2.1938443183898926,
    2.0926640033721924,
    2.3101298809051514,
    2.1246747970581055,
    2.077125310897827,
    2.15084171295166,
    2.048865556716919,
    1.9418905973434448,
    1.842562198638916
  ],
  "train_perplexity": [
    1374.5098876953125,
    329.4384460449219,
    177.9686279296875,
    104.86354064941406,
    72.85497283935547,
    73.95524597167969,
    44.47166442871094,
    38.431304931640625,
    48.64017105102539,
    41.06351852416992,
    32.44390106201172,
    29.824079513549805,
    27.822107315063477,
    27.12042236328125,
    27.211986541748047,
    24.133182525634766,
    27.244670867919922,
    23.96087074279785,
    20.815555572509766,
    23.99755096435547,
    18.789812088012695,
    22.209775924682617,
    25.27203369140625,
    24.6315975189209,
    20.792675018310547,
    26.65250015258789,
    18.887479782104492,
    19.273597717285156,
    15.176139831542969,
    15.677388191223145,
    20.513301849365234,
    13.47792911529541,
    16.66716766357422,
    15.347234725952148,
    21.626733779907227,
    20.915462493896484,
    17.41825294494629,
    16.584383010864258,
    14.7076997756958,
    19.26963233947754,
    14.007740020751953,
    10.372949600219727,
    12.601292610168457,
    14.990530014038086,
    16.428857803344727,
    12.216108322143555,
    18.160615921020508,
    12.667179107666016,
    12.810291290283203,
    15.69772720336914,
    11.902971267700195,
    14.21900749206543,
    15.555990219116211,
    10.065555572509766,
    13.862701416015625,
    14.419624328613281,
    13.964554786682129,
    14.86907958984375,
    11.220502853393555,
    13.893155097961426,
    9.632889747619629,
    8.51169490814209,
    9.879161834716797,
    8.998560905456543,
    12.727391242980957,
    10.783597946166992,
    10.099098205566406,
    8.297627449035645,
    11.034039497375488,
    11.57658576965332,
    10.573702812194824,
    7.788243770599365,
    8.45799446105957,
    9.321681022644043,
    11.857264518737793,
    10.06596565246582,
    8.497501373291016,
    8.560351371765137,
    9.589241981506348,
    7.507453441619873,
    6.548016548156738,
    8.619840621948242,
    9.494144439697266,
    5.637085914611816,
    9.098200798034668,
    8.01009464263916,
    6.938677787780762,
    7.514587879180908,
    7.2851243019104,
    6.498844146728516,
    8.590071678161621,
    8.969629287719727,
    8.10648250579834,
    10.075733184814453,
    8.3701753616333,
    7.981491565704346,
    8.592087745666504,
    7.759093761444092,
    6.971919536590576,
    6.312691688537598
  ],
  "val_loss": [
    4.473636708003117,
    3.7753875030959763,
    3.4755055713271483,
    3.308031118317205,
    3.161248903813747,
    3.0598162195555254,
    2.9856867379054135,
    2.924925906961779,
    2.862075089669178,
    2.814257599863635,
    2.7823289377601914,
    2.747688143343174,
    2.7145307852745466,
    2.6864862381848753,
    2.6596463727423667,
    2.6585164837642212,
    2.6460323259762335,
    2.63333720472711,
    2.621230914485257,
    2.6078976688600712,
    2.6364657977289716,
    2.637100025236073,
    2.633211347989411,
    2.633262536574712,
    2.631915000928981
  ],
  "val_perplexity": [
    87.67499228257292,
    43.614405758867015,
    32.314161521044355,
    27.331260444314253,
    23.600051726116195,
    21.32363793424185,
    19.80009504428561,
    18.63284543462369,
    17.49779879139422,
    16.680787363505804,
    16.15660489291715,
    15.60651013178158,
    15.097524428901451,
    14.680003156178405,
    14.291234434955413,
    14.27509604569426,
    14.097991296243588,
    13.920146854280684,
    13.752641496319189,
    13.570491175219386,
    13.963765525269643,
    13.97262453848646,
    13.918395020251682,
    13.919107501437727,
    13.900363639769989
  ],